round,client_id,epoch,train_loss,val_loss,der,acc
1,0,1,3.356350898742676,,0.5579412693400821,0.00554016620498615
1,0,2,131.50486755371094,,0.4354278497000316,0.11772853185595568
1,0,3,1144.469482421875,,0.36785601515629934,0.4621421975992613
1,0,4,24752.056640625,,0.41679823176507746,0.12927054478301014
1,0,5,2219.418701171875,,0.3697505525734214,0.07479224376731301
2,0,1,12.538228988647461,,0.4623376623376689,0.27472527472527475
2,0,2,356.6239318847656,,0.39999999999999997,0.3333333333333333
2,0,3,283.12554931640625,,0.4000000000000092,0.3333333333333333
2,0,4,11141.7080078125,,0.39940059940059924,0.33433233433233434
2,0,5,563.0617065429688,,0.39999999999999997,0.3333333333333333
3,0,1,1.0666147470474243,,0.058863791923340264,0.9418206707734429
3,0,2,781.2188720703125,,0.026009582477755016,0.973990417522245
3,0,3,370.8707580566406,,1.000684462696783,0.0
3,0,4,175.16717529296875,,0.37508555783709885,0.02190280629705681
3,0,5,754.8650512695312,,0.4462696783025326,0.4462696783025325
4,0,1,0.5596141219139099,,0.026009582477754964,0.973990417522245
4,0,2,87.94496154785156,,0.026009582477755016,0.973990417522245
4,0,3,112.73112487792969,,0.11567419575633077,0.11567419575633128
4,0,4,745.9248657226562,,0.058863791923340326,0.05886379192334018
4,0,5,92.78547668457031,,0.026009582477754964,0.973990417522245
5,0,1,1.7415704727172852,,0.3603833865814697,0.6396166134185304
5,0,2,46.49156951904297,,0.3859424920127798,0.6140575079872205
5,0,3,82.32272338867188,,0.29584664536741184,0.7041533546325879
5,0,4,2674.621826171875,,0.3603833865814697,0.3603833865814696
5,0,5,9932.400390625,,0.3603833865814696,0.3603833865814696
6,0,1,1.861183762550354,,0.4059940059940115,0.3203463203463203
6,0,2,401.7373352050781,,0.3562437562437613,0.27505827505827507
6,0,3,343.8088073730469,,0.4000000000000054,0.3333333333333333
6,0,4,427.2677307128906,,0.40199800199800756,0.3203463203463203
6,0,5,1701.651123046875,,0.4009990009990064,0.33166833166833165
7,0,1,2.128919839859009,,0.4001998001998001,0.333000333000333
7,0,2,974.406982421875,,0.3996003996004087,0.333000333000333
7,0,3,389.31732177734375,,0.4000000000000091,0.3333333333333333
7,0,4,395.20025634765625,,0.393006993006993,0.32167832167832167
7,0,5,79.16046905517578,,0.398601398601404,0.3356643356643357
8,0,1,3.186066150665283,,0.4607028753993612,0.5392971246006389
8,0,2,24.828033447265625,,0.6894568690095846,0.31054313099041536
8,0,3,1.1203970909118652,,0.3610223642172523,0.6389776357827476
8,0,4,141.52090454101562,,0.3603833865814697,0.6396166134185304
8,0,5,1.6213607788085938,,0.2204472843450483,0.7795527156549521
9,0,1,2.2277791500091553,,0.3142857142857187,0.47619047619047616
9,0,2,1797.793701171875,,0.39999999999999997,0.3333333333333333
9,0,3,53.59160232543945,,0.29670329670329654,0.5054945054945055
9,0,4,25.847932815551758,,0.44095904095905064,0.2650682650682651
9,0,5,3.6576333045959473,,0.41438561438562366,0.30835830835830835
10,0,1,2.0961458683013916,,0.026009582477755016,0.973990417522245
10,0,2,4.411276340484619,,0.026009582477754964,0.973990417522245
10,0,3,3.2129344940185547,,0.05681040383299111,0.9431895961670089
10,0,4,998.2632446289062,,0.026009582477754964,0.026009582477754964
10,0,5,4.575253963470459,,0.045174537987679564,0.9561943874058864
11,0,1,2.045788049697876,,0.43826965582570304,0.43213296398891965
11,0,2,33.19124984741211,,0.41332491316704395,0.4713758079409049
11,0,3,4.428487777709961,,0.3526997158193947,0.4843028624192059
11,0,4,130.00880432128906,,0.4025892011367287,0.45013850415512463
11,0,5,8.779922485351562,,0.40322071360910317,0.48614958448753465
12,0,1,2.1099252700805664,,0.36102236421725237,0.6389776357827476
12,0,2,723.7274169921875,,0.3603833865814697,0.6396166134185304
12,0,3,14.191361427307129,,0.3629392971246006,0.6370607028753994
12,0,4,8.242414474487305,,0.3603833865814697,0.6396166134185304
12,0,5,4.713690757751465,,0.3603833865814696,0.6396166134185304
13,0,1,2.1635515689849854,,0.3680511182108626,0.6319488817891373
13,0,2,7.963129043579102,,0.3603833865814697,0.6396166134185304
13,0,3,188.3126983642578,,0.3603833865814696,0.6396166134185304
13,0,4,595.809814453125,,0.3603833865814697,0.6396166134185304
13,0,5,187.6273193359375,,0.3067092651757189,0.2939297124600639
14,0,1,1.7401529550552368,,0.026009582477754895,0.973990417522245
14,0,2,23.532779693603516,,0.026009582477754964,0.973990417522245
14,0,3,2.111926317214966,,0.5126625598904858,0.487337440109514
14,0,4,8.54300308227539,,0.6358658453114306,0.36413415468856947
14,0,5,1.9707746505737305,,0.026009582477754964,0.973990417522245
15,0,1,2.0904393196105957,,0.4006006006006006,0.331105913798864
15,0,2,65.81462860107422,,0.3989989989990045,0.3337788172402272
15,0,3,34.98114776611328,,0.40080080080080077,0.331105913798864
15,0,4,28.334131240844727,,0.4042042042042128,0.3254259939859673
15,0,5,254.99252319335938,,0.40040040040040586,0.3317741396592048
16,0,1,1.691972255706787,,0.4057942057942112,0.32167832167832167
16,0,2,1853.9881591796875,,0.40079920079920983,0.33033633033633036
16,0,3,6.856783866882324,,0.3038961038961039,0.4835164835164835
16,0,4,1.8778431415557861,,0.3994005994006087,0.33433233433233434
16,0,5,4.61281156539917,,0.4511488511488614,0.2480852480852481
17,0,1,1.834359884262085,,0.39719719719720536,0.33277647844971603
17,0,2,85.42345428466797,,0.3971971971971971,0.3337788172402272
17,0,3,51.9120979309082,,0.40080080080080616,0.331105913798864
17,0,4,4.062975883483887,,0.2646646646646647,0.5583027063147343
17,0,5,173.36111450195312,,0.40080080080080616,0.331105913798864
18,0,1,1.722885251045227,,0.3616613418530351,0.6383386581469649
18,0,2,8.819613456726074,,0.3603833865814696,0.6396166134185304
18,0,3,7.029179573059082,,0.3827476038338657,0.6172523961661341
18,0,4,97.33715057373047,,0.3610223642172523,0.6389776357827476
18,0,5,826.3496704101562,,0.3603833865814696,0.6396166134185304
19,0,1,1.3807719945907593,,0.026009582477754964,0.973990417522245
19,0,2,4.478511333465576,,0.026009582477754895,0.973990417522245
19,0,3,3.9133570194244385,,0.5639972621492128,0.43600273785078714
19,0,4,5.942372798919678,,0.026009582477754895,0.973990417522245
19,0,5,69.79519653320312,,0.026009582477754895,0.973990417522245
20,0,1,1.6207867860794067,,0.40019980019980556,0.33266733266733267
20,0,2,14.83350658416748,,0.39680319680320614,0.3386613386613387
20,0,3,20.447298049926758,,0.39540459540460415,0.3333333333333333
20,0,4,25.96438217163086,,0.400599400599406,0.33233433233433235
20,0,5,47.56378173828125,,0.3594405594405596,0.32667332667332666
1,1,1,3.788928270339966,,0.5676323676323816,0.003996003996003996
1,1,2,52.4719352722168,,0.4199800199800293,0.09157509157509157
1,1,3,16954.869140625,,0.4000000000000054,0.3333333333333333
1,1,4,172.50355529785156,,0.37662337662338174,0.35664335664335667
1,1,5,201.38619995117188,,0.3828171828171915,0.33666333666333664
2,1,1,9.005294799804688,,0.9842573579739906,0.1464750171115674
2,1,2,164.9539794921875,,0.9911019849418207,0.00889801505817933
2,1,3,282.003173828125,,0.026009582477754964,0.973990417522245
2,1,4,795.9468383789062,,0.026009582477754964,0.973990417522245
2,1,5,737723.5,,0.026009582477754964,0.026009582477754964
3,1,1,1.8959317207336426,,0.36166134185303517,0.6383386581469649
3,1,2,280.1410827636719,,0.3584664536741214,0.6396166134185304
3,1,3,449.3046875,,1.0140575079872205,0.0
3,1,4,2011.4171142578125,,0.3603833865814697,0.35782747603833864
3,1,5,3315.415771484375,,0.3603833865814696,0.3603833865814696
4,1,1,3.6028671264648438,,0.4000000000000091,0.3333333333333333
4,1,2,12.003795623779297,,0.4000000000000054,0.3333333333333333
4,1,3,79.1285400390625,,0.38381618381618904,0.3603063603063603
4,1,4,1727.28369140625,,0.39999999999999997,0.3333333333333333
4,1,5,514.3136596679688,,0.4000000000000092,0.3333333333333333
5,1,1,1.2981752157211304,,0.04038329911019852,0.9596167008898016
5,1,2,830.5044555664062,,0.026009582477755016,0.973990417522245
5,1,3,1.4111298322677612,,0.28678986995208705,0.7132101300479123
5,1,4,2.111753225326538,,0.028062970568103997,0.971937029431896
5,1,5,8.686684608459473,,0.3340177960301164,0.6659822039698836
6,1,1,1.8824474811553955,,0.495207667731629,0.5047923322683706
6,1,2,213.36920166015625,,0.3757188498402556,0.6242811501597444
6,1,3,92.9803237915039,,0.3603833865814696,0.6396166134185304
6,1,4,1255.5015869140625,,0.3603833865814696,0.6396166134185304
6,1,5,1726.99462890625,,0.48753993610223634,0.5124600638977636
7,1,1,1.757481336593628,,0.15468856947296453,0.8453114305270363
7,1,2,389.13787841796875,,0.026009582477754895,0.973990417522245
7,1,3,39.14752197265625,,0.2943189596167007,0.7056810403832992
7,1,4,6.261969566345215,,0.026009582477754964,0.973990417522245
7,1,5,1.0475143194198608,,0.026009582477754964,0.973990417522245
8,1,1,1.2922602891921997,,0.4435318275153991,0.5564681724845996
8,1,2,194.7955780029297,,0.026009582477755016,0.973990417522245
8,1,3,74.37619018554688,,0.026009582477755016,0.973990417522245
8,1,4,181.7078399658203,,0.026009582477754964,0.973990417522245
8,1,5,2132.725341796875,,0.05886379192334021,0.049281314168377825
9,1,1,2.15389347076416,,0.36817177139248575,0.46999076638965837
9,1,2,1519.553466796875,,0.4196400378907484,0.4621421975992613
9,1,3,16.29572296142578,,0.3991158825386802,0.492151431209603
9,1,4,30.582605361938477,,0.42658667508683334,0.44783010156971376
9,1,5,8.694808006286621,,0.3763814335333184,0.45937211449676824
10,1,1,2.2735252380371094,,0.3635782747603834,0.6364217252396166
10,1,2,134.093994140625,,0.3603833865814696,0.6396166134185304
10,1,3,9.087907791137695,,0.3603833865814697,0.6396166134185304
10,1,4,39.69222640991211,,0.4600638977635783,0.5399361022364217
10,1,5,881.5745849609375,,0.3603833865814696,0.6396166134185304
11,1,1,2.2201948165893555,,0.4134185303514375,0.5865814696485623
11,1,2,79.69788360595703,,0.3603833865814697,0.6396166134185304
11,1,3,4.666827201843262,,0.36932907348242816,0.6306709265175718
11,1,4,117.2642593383789,,0.2575079872204476,0.25750798722044727
11,1,5,39.2859992980957,,0.4587859424920128,0.5412140575079872
12,1,1,1.8567348718643188,,0.026009582477754964,0.973990417522245
12,1,2,98.7921142578125,,0.026009582477754895,0.973990417522245
12,1,3,0.5786766409873962,,0.04859685147159451,0.9514031485284052
12,1,4,0.24955642223358154,,0.026009582477754964,0.973990417522245
12,1,5,0.31743964552879333,,0.026009582477754895,0.973990417522245
13,1,1,2.088658332824707,,0.3978021978022027,0.323010323010323
13,1,2,14.188760757446289,,0.40019980019980017,0.333000333000333
13,1,3,43.178985595703125,,0.39940059940060824,0.3106893106893107
13,1,4,316.2308654785156,,0.4000000000000054,0.3333333333333333
13,1,5,22.741315841674805,,0.4000000000000054,0.3333333333333333
14,1,1,2.1502275466918945,,0.3998001998002052,0.3336663336663337
14,1,2,25.72779083251953,,0.3982017982018037,0.33433233433233434
14,1,3,5.930595874786377,,0.23416583416583955,0.6097236097236097
14,1,4,17.635313034057617,,0.38141858141859003,0.3643023643023643
14,1,5,20.325714111328125,,0.4185814185814281,0.30236430236430234
15,1,1,2.0483124256134033,,0.3603833865814696,0.6396166134185304
15,1,2,93.30916595458984,,0.3603833865814697,0.6396166134185304
15,1,3,22.99150848388672,,0.33865814696485574,0.3348242811501597
15,1,4,21.985427856445312,,0.3603833865814696,0.6396166134185304
15,1,5,994.0062255859375,,0.3603833865814697,0.6396166134185304
16,1,1,1.7447655200958252,,0.3603833865814697,0.6396166134185304
16,1,2,124.77354431152344,,0.3603833865814697,0.6396166134185304
16,1,3,73.08168029785156,,0.7092651757188498,0.29073482428115016
16,1,4,48.95283889770508,,0.3603833865814696,0.6396166134185304
16,1,5,36.56974792480469,,0.3603833865814696,0.6396166134185304
17,1,1,1.4512430429458618,,0.07392197125256639,0.9260780287474333
17,1,2,44.495750427246094,,0.026009582477755016,0.973990417522245
17,1,3,3.542574644088745,,0.5188227241615333,0.4811772758384668
17,1,4,17.822906494140625,,0.026009582477755016,0.973990417522245
17,1,5,63.805484771728516,,0.026009582477754964,0.973990417522245
18,1,1,1.6639405488967896,,0.4000000000000054,0.3333333333333333
18,1,2,11.90092945098877,,0.3842157842157892,0.3596403596403596
18,1,3,11.04028034210205,,0.4000000000000054,0.3333333333333333
18,1,4,4.0709147453308105,,0.3134865134865176,0.40326340326340326
18,1,5,18.918365478515625,,0.3998001998001998,0.3333333333333333
19,1,1,1.7643725872039795,,0.3603833865814697,0.6396166134185304
19,1,2,47.69281768798828,,0.5182108626198084,0.4817891373801917
19,1,3,6.841549873352051,,0.3699680511182108,0.6300319488817892
19,1,4,6.627806186676025,,0.3948881789137382,0.394888178913738
19,1,5,141.47515869140625,,0.3603833865814697,0.6396166134185304
20,1,1,1.6584035158157349,,0.396796796796805,0.33745405947210155
20,1,2,1.9889246225357056,,0.3797797797797889,0.36618777146675574
20,1,3,1709.789306640625,,0.39719719719720237,0.3160708319411961
20,1,4,17.266746520996094,,0.40080080080080077,0.3307718008686936
20,1,5,8.352274894714355,,0.40080080080080077,0.331105913798864
1,2,1,3.4698593616485596,,0.46886886886886736,0.0006682258603407952
1,2,2,361.56939697265625,,0.40760760760760745,0.32241897761443367
1,2,3,1049.6287841796875,,0.4060060060060116,0.311727363848981
1,2,4,29489.943359375,,0.414214214214214,0.2569328433010358
1,2,5,19546.01171875,,0.39859859859859864,0.09488807216839291
2,2,1,14.919025421142578,,0.3725923586990923,0.4533702677746999
2,2,2,233.07858276367188,,0.47079254815283456,0.4247460757156048
2,2,3,2810.44921875,,0.4196400378907549,0.4621421975992613
2,2,4,5104.52783203125,,0.36785601515629934,0.4621421975992613
2,2,5,31583.859375,,0.3839595832017682,0.4404432132963989
3,2,1,2.2123658657073975,,0.5541541541541609,0.19077848312729703
3,2,2,795.2626953125,,0.38078078078078564,0.36451720681590377
3,2,3,301.5298767089844,,0.4264264264264357,0.2525893752088206
3,2,4,223.11192321777344,,0.39919919919919894,0.3337788172402272
3,2,5,3432.049072265625,,0.3917917917917922,0.3057133311059138
4,2,1,3.03503155708313,,0.3941941941942026,0.32676244570664886
4,2,2,22.344287872314453,,0.2698698698698734,0.4817908453057133
4,2,3,156.9454803466797,,0.3987987987988078,0.334447043100568
4,2,4,5953.3251953125,,0.4006006006006096,0.331105913798864
4,2,5,364.01080322265625,,0.39879879879880425,0.32709655863681925
5,2,1,2.0049021244049072,,0.3979979979979979,0.3357834948212496
5,2,2,1922.8072509765625,,0.40080080080080616,0.331105913798864
5,2,3,30.846384048461914,,0.2432432432432426,0.40026729034413633
5,2,4,327.6656494140625,,0.40080080080080616,0.331105913798864
5,2,5,322.3841857910156,,0.4338338338338398,0.2759772803207484
6,2,1,1.2408026456832886,,0.03422313483915136,0.9657768651608487
6,2,2,753.3670654296875,,0.026009582477755016,0.973990417522245
6,2,3,3.6480722427368164,,0.026009582477755016,0.973990417522245
6,2,4,21.28089141845703,,0.026009582477755016,0.973990417522245
6,2,5,32.81782913208008,,0.06844626967830247,0.9315537303216974
7,2,1,2.131397008895874,,0.34774774774775535,0.41964584029401936
7,2,2,946.9151611328125,,0.40080080080080077,0.331105913798864
7,2,3,143.736572265625,,0.3263263263263336,0.4553959238222519
7,2,4,81.36555480957031,,0.3983983983983983,0.33511526896090876
7,2,5,34.508636474609375,,0.39619619619619656,0.33879051119278314
8,2,1,2.26204514503479,,0.420620620620625,0.24290010023387906
8,2,2,10.944157600402832,,0.40080080080080616,0.331105913798864
8,2,3,42.18655014038086,,0.43243243243243784,0.25492816572001337
8,2,4,29.5009708404541,,0.39879879879880425,0.334447043100568
8,2,5,29.40363883972168,,0.3695695695695745,0.363848980955563
9,2,1,1.9519734382629395,,0.5126625598904863,0.487337440109514
9,2,2,296.60028076171875,,0.026009582477755016,0.973990417522245
9,2,3,5.838901996612549,,0.026009582477754964,0.973990417522245
9,2,4,0.8236185312271118,,0.026009582477754895,0.973990417522245
9,2,5,3.2344491481781006,,0.4010951403148534,0.6002737850787132
10,2,1,2.3124754428863525,,0.40080080080080077,0.331105913798864
10,2,2,46.652183532714844,,0.4042042042042041,0.3254259939859673
10,2,3,95.45916748046875,,0.3755755755755806,0.33043768793852324
10,2,4,25.13821792602539,,0.34894894894895667,0.3240895422652857
10,2,5,51.85511016845703,,0.402602602602608,0.32809889742733045
11,2,1,2.1934256553649902,,0.3698301698301783,0.3836163836163836
11,2,2,62.121559143066406,,0.38481518481519006,0.350982350982351
11,2,3,11.431705474853516,,0.4000000000000054,0.3333333333333333
11,2,4,13.043255805969238,,0.449150849150859,0.2514152514152514
11,2,5,54.79357147216797,,0.40719280719281625,0.32134532134532134
12,2,1,2.073770761489868,,0.4000000000000091,0.3333333333333333
12,2,2,194.27926635742188,,0.3470529470529515,0.42157842157842157
12,2,3,4.013667106628418,,0.3860139860139914,0.3356643356643357
12,2,4,21.66680145263672,,0.3992007992007991,0.33466533466533466
12,2,5,62.048099517822266,,0.39999999999999997,0.3333333333333333
13,2,1,1.9790384769439697,,0.8781656399726218,0.1218343600273785
13,2,2,12.599809646606445,,0.026009582477754895,0.973990417522245
13,2,3,22.733003616333008,,0.026009582477755016,0.973990417522245
13,2,4,13.434920310974121,,0.026009582477754964,0.973990417522245
13,2,5,15.195688247680664,,0.045174537987679834,0.9548254620123203
14,2,1,2.155357599258423,,0.40080080080080077,0.331105913798864
14,2,2,177.61717224121094,,0.40080080080080616,0.331105913798864
14,2,3,6.919140338897705,,0.38438438438438466,0.3585031740728366
14,2,4,5.985471248626709,,0.43343343343343943,0.2766455061810892
14,2,5,14.455174446105957,,0.4004004004004003,0.24223187437353827
15,2,1,1.7265846729278564,,0.05612594113620788,0.9438740588637919
15,2,2,1.1299731731414795,,0.026009582477754964,0.973990417522245
15,2,3,14.4345121383667,,0.0485968514715947,0.9514031485284052
15,2,4,85.0965805053711,,0.19644079397672823,0.8035592060232717
15,2,5,1187.6357421875,,0.026009582477755016,0.973990417522245
16,2,1,1.5031979084014893,,0.3558572781812438,0.47968605724838415
16,2,2,614.8312377929688,,0.3864856330912523,0.46860572483841184
16,2,3,9.932650566101074,,0.36722450268392803,0.4630655586334257
16,2,4,1.714260458946228,,0.4243763814335332,0.37950138504155123
16,2,5,3.368891716003418,,0.3804862646037343,0.5115420129270545
17,2,1,1.8360912799835205,,0.5067092651757191,0.49329073482428115
17,2,2,337.6910095214844,,0.3603833865814697,0.6396166134185304
17,2,3,17.796995162963867,,0.36421725239616604,0.6357827476038339
17,2,4,8.792708396911621,,0.539297124600639,0.460702875399361
17,2,5,12.69480037689209,,0.3603833865814697,0.6396166134185304
18,2,1,1.4261841773986816,,0.36785601515629934,0.4621421975992613
18,2,2,6.19173002243042,,0.36785601515629934,0.4621421975992613
18,2,3,4.519179821014404,,0.3678560151563072,0.4621421975992613
18,2,4,20.534900665283203,,0.3678560151563072,0.4621421975992613
18,2,5,69.62761688232422,,0.41711398800126315,0.46583564173591874
19,2,1,1.5751192569732666,,0.39999999999999997,0.3333333333333333
19,2,2,134.55210876464844,,0.4000000000000054,0.3333333333333333
19,2,3,10.68095588684082,,0.4123876123876218,0.3126873126873127
19,2,4,1.9180991649627686,,0.3722277722277809,0.3786213786213786
19,2,5,2.857861280441284,,0.39780219780220694,0.336996336996337
20,2,1,1.4553046226501465,,0.43069150615725516,0.41043397968605727
20,2,2,4.867247104644775,,0.34449005367856034,0.5715604801477377
20,2,3,42.62645721435547,,0.6305652036627859,0.07802400738688828
20,2,4,151.3594512939453,,0.3678560151563072,0.4621421975992613
20,2,5,30.519916534423828,,0.36785601515629934,0.4621421975992613
1,3,1,3.4541866779327393,,1.132101300479124,0.0
1,3,2,243.8028564453125,,0.9917864476386036,0.0
1,3,3,6353.947265625,,1.0184804928131415,0.0
1,3,4,2202.89794921875,,0.026009582477755016,0.973990417522245
1,3,5,96.42464447021484,,0.0349075975359344,0.9650924024640657
2,3,1,11.516204833984375,,0.46166166166166184,0.24724356832609423
2,3,2,354.7071533203125,,0.39819819819819824,0.3334447043100568
2,3,3,1028.2431640625,,0.4008008008008098,0.331105913798864
2,3,4,314.5242614746094,,0.6066066066066202,0.0013364517206815904
2,3,5,2046.634765625,,0.3987987987988078,0.33043768793852324
3,3,1,1.979015827178955,,0.36817177139249285,0.4616805170821791
3,3,2,165.24713134765625,,0.4407957057151878,0.43998153277931673
3,3,3,488.0271301269531,,0.4063782759709504,0.4621421975992613
3,3,4,1696.77978515625,,0.40543100726240233,0.4233610341643583
3,3,5,24566.470703125,,0.36785601515629934,0.4621421975992613
4,3,1,1.6215466260910034,,0.36311967161351416,0.469067405355494
4,3,2,19.987388610839844,,0.3163877486580363,0.5983379501385041
4,3,3,48.94053649902344,,0.36785601515629934,0.4621421975992613
4,3,4,162.84913635253906,,0.3618566466687798,0.4713758079409049
4,3,5,2124.61376953125,,0.3678560151563072,0.4621421975992613
5,3,1,2.137289524078369,,0.4009990009990101,0.33166833166833165
5,3,2,1962.5552978515625,,0.4000000000000054,0.3333333333333333
5,3,3,98.71324157714844,,0.3998001998002053,0.3336663336663337
5,3,4,35.872493743896484,,0.337062937062937,0.4382284382284382
5,3,5,214.3430938720703,,0.40019980019980933,0.333000333000333
6,3,1,1.5582079887390137,,0.3703820650457904,0.4584487534626039
6,3,2,166.61073303222656,,0.36627723397537115,0.4649122807017544
6,3,3,856.9693603515625,,0.4041679823176508,0.4090489381348107
6,3,4,151.02320861816406,,0.3681717713924907,0.4616805170821791
6,3,5,215.46987915039062,,0.39216924534260145,0.4935364727608495
7,3,1,2.0195252895355225,,0.41742974423745716,0.3896583564173592
7,3,2,1588.874267578125,,0.3678560151563072,0.4621421975992613
7,3,3,81.4018783569336,,0.36785601515630506,0.4621421975992613
7,3,4,102.2176742553711,,0.36785601515629934,0.4621421975992613
7,3,5,23.670989990234375,,0.35838332807073725,0.5614035087719298
8,3,1,1.6759639978408813,,0.34733185980423503,0.5078485687903971
8,3,2,1567.44775390625,,0.371960846226718,0.4621421975992613
8,3,3,18.062503814697266,,0.38048626460372603,0.44367497691597413
8,3,4,29.349245071411133,,0.36848752762867854,0.46121883656509693
8,3,5,122.74652099609375,,0.4196400378907484,0.4621421975992613
9,3,1,2.269193410873413,,0.30030030030029975,0.34647510858670233
9,3,2,440.8384094238281,,0.26726726726727085,0.5539592382225192
9,3,3,73.76130676269531,,0.39879879879880425,0.3341129301703976
9,3,4,18.48068618774414,,0.3923923923923975,0.3451386568660207
9,3,5,260.88568115234375,,0.39879879879879876,0.334447043100568
10,3,1,2.2106289863586426,,0.36785601515629934,0.4621421975992613
10,3,2,215.645263671875,,0.36848752762867854,0.46121883656509693
10,3,3,115.96564483642578,,0.3678560151563072,0.4621421975992613
10,3,4,20.560565948486328,,0.36785601515630506,0.4621421975992613
10,3,5,22.054105758666992,,0.41679823176508624,0.4662973222530009
11,3,1,2.098111867904663,,0.5304585900068443,0.46954140999315536
11,3,2,0.34266728162765503,,0.026694045174537905,0.973305954825462
11,3,3,8.09061336517334,,0.27036276522929475,0.729637234770705
11,3,4,116.77613830566406,,0.026009582477755016,0.973990417522245
11,3,5,27.875885009765625,,0.026009582477754964,0.973990417522245
12,3,1,2.1923577785491943,,0.4008008008008098,0.331105913798864
12,3,2,337.53375244140625,,0.400600600600606,0.3314400267290344
12,3,3,5.2782721519470215,,0.49509509509510174,0.09355162044771133
12,3,4,2.0893943309783936,,0.43183183183183765,0.26996324757768125
12,3,5,3.690826177597046,,0.39659659659659663,0.3381222853324424
13,3,1,2.0041286945343018,,0.36659299021155667,0.46398891966759004
13,3,2,17.187864303588867,,0.3678560151563072,0.4621421975992613
13,3,3,40.10555648803711,,0.3678560151563072,0.4621421975992613
13,3,4,30.646522521972656,,0.4164824755289004,0.46352723915050786
13,3,5,29.98932456970215,,0.43542784970003157,0.4390581717451524
14,3,1,1.891811490058899,,0.3603833865814697,0.6396166134185304
14,3,2,36.557621002197266,,0.3718849840255591,0.6281150159744409
14,3,3,62.40484619140625,,0.3603833865814697,0.6396166134185304
14,3,4,18.537931442260742,,0.34376996805111826,0.6562300319488817
14,3,5,435.79010009765625,,0.3603833865814696,0.6396166134185304
15,3,1,1.8761674165725708,,0.3902747079254814,0.4298245614035088
15,3,2,46.10917663574219,,0.3757499210609483,0.5106186518928901
15,3,3,16.91444969177246,,0.6138301231449323,0.10249307479224377
15,3,4,329.3577880859375,,0.3678560151563072,0.4621421975992613
15,3,5,20.9338321685791,,0.36501420903062787,0.46814404432132967
16,3,1,1.4095473289489746,,0.03832991101984935,0.9616700889801506
16,3,2,33.32270812988281,,0.026009582477754895,0.973990417522245
16,3,3,139.1358184814453,,0.06981519507186863,0.9301848049281314
16,3,4,14.523197174072266,,0.026009582477755016,0.973990417522245
16,3,5,26.65021324157715,,0.026009582477754895,0.973990417522245
17,3,1,1.6844639778137207,,0.4126934006946646,0.4048938134810711
17,3,2,98.91471099853516,,0.35869908430691505,0.4759926131117267
17,3,3,99.95419311523438,,0.4196400378907484,0.4621421975992613
17,3,4,53.3545036315918,,0.4196400378907484,0.4621421975992613
17,3,5,78.37771606445312,,0.6839280075781643,0.029085872576177285
18,3,1,1.2671458721160889,,0.026694045174537922,0.973305954825462
18,3,2,7.406641483306885,,0.026009582477754895,0.973990417522245
18,3,3,5.305255889892578,,0.12799452429842592,0.8720054757015743
18,3,4,2.770843267440796,,0.026694045174538005,0.973305954825462
18,3,5,5.244837760925293,,0.026009582477755016,0.973990417522245
19,3,1,1.7460449934005737,,0.40080080080080616,0.331105913798864
19,3,2,125.01133728027344,,0.3969969969970021,0.33745405947210155
19,3,3,5.706912040710449,,0.4008008008008098,0.331105913798864
19,3,4,1.6768625974655151,,0.4008008008008098,0.331105913798864
19,3,5,18.375823974609375,,0.3675675675675677,0.38656866020715
20,3,1,1.7580987215042114,,0.442811501597445,0.5571884984025559
20,3,2,9.521598815917969,,0.36932907348242827,0.6306709265175718
20,3,3,53.34320068359375,,0.3603833865814697,0.6396166134185304
20,3,4,1.265761137008667,,0.532907348242812,0.4670926517571885
20,3,5,1.0592418909072876,,0.3399361022364219,0.6600638977635783
1,4,1,2.7882211208343506,,1.0683706070287533,0.0670926517571885
1,4,2,1981.376220703125,,1.0555910543130995,0.0
1,4,3,1104.88525390625,,0.3603833865814697,0.6396166134185304
1,4,4,5361.47216796875,,0.9993610223642173,0.0006389776357827476
1,4,5,121251.9453125,,0.7642172523961668,0.031309904153354634
2,4,1,13.086641311645508,,0.5840255591054303,0.4741214057507987
2,4,2,340.6626281738281,,0.3603833865814697,0.3603833865814696
2,4,3,2274.052001953125,,0.3603833865814696,0.3603833865814696
2,4,4,2646.728515625,,0.3623003194888179,0.6376996805111821
2,4,5,18769.36328125,,0.3603833865814696,0.3603833865814696
3,4,1,2.164515733718872,,0.43776223776224427,0.34032634032634035
3,4,2,325.6468811035156,,0.5490509490509626,0.0
3,4,3,1347.7525634765625,,0.39999999999999997,0.3333333333333333
3,4,4,1672.197265625,,0.39999999999999997,0.3333333333333333
3,4,5,4030.169921875,,0.4449550449550509,0.03563103563103563
4,4,1,3.4106876850128174,,0.3603833865814697,0.6396166134185304
4,4,2,13.688919067382812,,0.36102236421725237,0.6389776357827476
4,4,3,138.03294372558594,,0.41725239616613413,0.4159744408945687
4,4,4,19463.017578125,,0.3603833865814696,0.3603833865814696
4,4,5,842.5471801757812,,0.3603833865814697,0.6396166134185304
5,4,1,1.7858229875564575,,0.3678560151563072,0.4621421975992613
5,4,2,992.6318969726562,,0.3681717713924855,0.46999076638965837
5,4,3,53.45521545410156,,0.41995579412693407,0.4616805170821791
5,4,4,324.791259765625,,0.4193242816545693,0.4626038781163435
5,4,5,2934.27783203125,,0.36785601515629934,0.4621421975992613
6,4,1,2.152993679046631,,0.4078078078078169,0.3194119612429001
6,4,2,688.1644287109375,,0.4008008008008098,0.331105913798864
6,4,3,52.23432922363281,,0.39879879879879876,0.334447043100568
6,4,4,531.9991455078125,,0.39879879879880425,0.334447043100568
6,4,5,139.96473693847656,,0.3985985985986077,0.3324423655195456
7,4,1,2.040623664855957,,0.5488817891373801,0.45111821086261983
7,4,2,234.0688934326172,,0.3603833865814696,0.6396166134185304
7,4,3,334.25341796875,,0.5399361022364223,0.46006389776357826
7,4,4,60.80721664428711,,0.3961661341853034,0.6038338658146964
7,4,5,1705.49267578125,,0.3603833865814696,0.6396166134185304
8,4,1,2.0518505573272705,,0.4045954045954138,0.3256743256743257
8,4,2,12.958022117614746,,0.43596403596403593,0.2733932733932734
8,4,3,65.26765441894531,,0.432967032967043,0.27705627705627706
8,4,4,210.40203857421875,,0.3982017982018073,0.33033633033633036
8,4,5,523.3755493164062,,0.4000000000000092,0.3333333333333333
9,4,1,2.248267412185669,,0.9533546325878595,0.04664536741214057
9,4,2,709.0713500976562,,0.3603833865814697,0.6396166134185304
9,4,3,10.105981826782227,,0.41725239616613485,0.5827476038338658
9,4,4,111.14434051513672,,0.37124600638977645,0.6287539936102237
9,4,5,13.88747501373291,,0.3629392971246006,0.6370607028753994
10,4,1,2.3453807830810547,,0.4000000000000091,0.3333333333333333
10,4,2,25.697364807128906,,0.4485514485514485,0.20845820845820845
10,4,3,25.057519912719727,,0.37462537462538,0.3756243756243756
10,4,4,2829.980712890625,,0.4000000000000091,0.3333333333333333
10,4,5,4.1595377922058105,,0.34625374625375405,0.4229104229104229
11,4,1,2.2821881771087646,,0.4032032032032118,0.31673905780153694
11,4,2,86.89288330078125,,0.39859859859859853,0.3347811560307384
11,4,3,18.829444885253906,,0.35695695695696467,0.4036084196458403
11,4,4,6.956811904907227,,0.39959959959960856,0.3331105913798864
11,4,5,4.116860389709473,,0.40060060060060054,0.3307718008686936
12,4,1,1.8901371955871582,,0.3675402589201138,0.4626038781163435
12,4,2,219.89309692382812,,0.36722450268393586,0.4630655586334257
12,4,3,9.842803955078125,,0.3441742974423741,0.5110803324099723
12,4,4,43.6308479309082,,0.3678560151563072,0.4621421975992613
12,4,5,22.712724685668945,,0.4196400378907484,0.4621421975992613
13,4,1,2.120901346206665,,0.4060060060060146,0.32241897761443367
13,4,2,12.08578109741211,,0.2646646646646705,0.55462746408286
13,4,3,30.931243896484375,,0.3987987987988078,0.334447043100568
13,4,4,53.24320983886719,,0.41361361361362325,0.30972268626795857
13,4,5,370.4774475097656,,0.39879879879879876,0.334447043100568
14,4,1,1.733352780342102,,0.3678560151563072,0.4621421975992613
14,4,2,53.19124221801758,,0.3763814335333124,0.44967682363804246
14,4,3,34.384483337402344,,0.6757183454373329,0.02585410895660203
14,4,4,26.286151885986328,,0.34827912851278797,0.4907663896583564
14,4,5,190.44625854492188,,0.36785601515629934,0.4621421975992613
15,4,1,1.9493541717529297,,0.3882117882117934,0.35298035298035296
15,4,2,172.62689208984375,,0.41298701298701906,0.3116883116883117
15,4,3,7.3781609535217285,,0.5384615384615384,0.10256410256410256
15,4,4,2.0281617641448975,,0.2811188811188813,0.5314685314685315
15,4,5,22.602304458618164,,0.4000000000000054,0.3333333333333333
16,4,1,1.9270374774932861,,0.35255255255255635,0.41162712996992984
16,4,2,549.989501953125,,0.27987987987988366,0.5329101236217841
16,4,3,9.978927612304688,,0.41041041041041026,0.3150684931506849
16,4,4,2.903961420059204,,0.32492492492492914,0.4577347143334447
16,4,5,1.5249661207199097,,0.39879879879879876,0.3341129301703976
17,4,1,1.7004196643829346,,0.4007992007992009,0.2897102897102897
17,4,2,280.2274475097656,,0.38521478521479346,0.35797535797535796
17,4,3,10.11436939239502,,0.44035964035965064,0.26606726606726605
17,4,4,2.216834306716919,,0.33446553446554234,0.26606726606726605
17,4,5,5.412492275238037,,0.39320679320680185,0.33166833166833165
18,4,1,1.787319540977478,,0.4008008008008098,0.331105913798864
18,4,2,9.886544227600098,,0.43183183183183754,0.2793184096224524
18,4,3,1.777390718460083,,0.355155155155163,0.3802205145339125
18,4,4,26.53911018371582,,0.39879879879880775,0.334447043100568
18,4,5,43.30565643310547,,0.3695695695695747,0.38222519211493483
19,4,1,1.39020836353302,,0.3678560151563072,0.4621421975992613
19,4,2,301.9298095703125,,0.36785601515630506,0.4621421975992613
19,4,3,4.43330717086792,,0.3208083359646353,0.5318559556786704
19,4,4,3.2074549198150635,,0.43037574992106165,0.3979686057248384
19,4,5,2.1408751010894775,,0.39248500157878125,0.4261311172668513
20,4,1,1.264696478843689,,0.031485284052019356,0.9685147159479809
20,4,2,3.242661714553833,,0.026009582477754895,0.973990417522245
20,4,3,2.3788373470306396,,0.026009582477755016,0.973990417522245
20,4,4,2.12419056892395,,0.29431895961670107,0.7056810403832992
20,4,5,523.0487060546875,,0.026009582477754964,0.973990417522245
